슬러그,상태,원본URL(silhumsil),현재 hero src,본문 죽은이미지
autoclave-b,원본없음,https://silhumsil.com/web/product/big/202507/ee425e0c8873c3dde412ab2be2f67d57.jpg,/api/img/web/product/big/202507/ee425e0c8873c3dde412ab2be2f67d57.jpg,10
autoclave-m,원본없음,https://silhumsil.com/web/product/big/202208/6abc9d1e96e3eff0d35665c23bdd0ed2.jpg,/api/img/web/product/big/202208/6abc9d1e96e3eff0d35665c23bdd0ed2.jpg,11
autoclave-n,원본없음,https://silhumsil.com/web/product/big/202507/dcc459aafeecc13e733318d9b099f569.jpg,/api/img/web/product/big/202507/dcc459aafeecc13e733318d9b099f569.jpg,9
blog,정상,,,0
climate-chamber-sc,원본없음,https://silhumsil.com/web/product/big/202605/0d29474bbbb2a93d33e9725e10c3543f.jpg,/api/img/web/product/big/202605/0d29474bbbb2a93d33e9725e10c3543f.jpg,12
climate-chamber-scr,원본없음,https://silhumsil.com/web/product/big/202605/26fde0a3238afb5d9aa853da2d026bfa.jpg,/api/img/web/product/big/202605/26fde0a3238afb5d9aa853da2d026bfa.jpg,9
climate-chamber-u,원본없음,https://silhumsil.com/web/product/big/202512/164cf2e79367c4231de628355c99391b.jpg,/api/img/web/product/big/202512/164cf2e79367c4231de628355c99391b.jpg,9
distillation,정상,,/img/product/sh-cards-clean/distillation.jpg,5
drying-oven-fg,원본없음,https://silhumsil.com/web/product/extra/big/202111/118b05f03cbbb2439750793089228f67.jpg,/api/img/web/product/extra/big/202111/118b05f03cbbb2439750793089228f67.jpg,15
drying-oven-fg-2,원본없음,https://silhumsil.com/web/product/extra/big/202111/e21440f3d12c903fb71462605a216471.jpg,/api/img/web/product/extra/big/202111/e21440f3d12c903fb71462605a216471.jpg,16
drying-oven-fgb,원본없음,https://silhumsil.com/web/product/extra/big/202111/e21440f3d12c903fb71462605a216471.jpg,/api/img/web/product/extra/big/202111/e21440f3d12c903fb71462605a216471.jpg,13
drying-oven-fh,원본없음,https://silhumsil.com/web/product/extra/big/202111/118b05f03cbbb2439750793089228f67.jpg,/api/img/web/product/extra/big/202111/118b05f03cbbb2439750793089228f67.jpg,15
drying-oven-fh-2,원본없음,https://silhumsil.com/web/product/extra/big/202111/9742f5a998fd134ad79e7f2066874fcd.jpg,/api/img/web/product/extra/big/202111/9742f5a998fd134ad79e7f2066874fcd.jpg,15
drying-oven-fs,원본없음,https://silhumsil.com/web/product/extra/big/202111/9742f5a998fd134ad79e7f2066874fcd.jpg,/api/img/web/product/extra/big/202111/9742f5a998fd134ad79e7f2066874fcd.jpg,14
elevator-1200,정상,,/img/product/sh/elevator-1200.jpg,2
elevator-1500,정상,,/img/product/sh/elevator-1500.jpg,3
elevator-1700,원본없음,https://silhumsil.com/web/product/big/202210/2b4a62b6bfdb36fd15d60c44189c1b7e.jpg,/api/img/web/product/big/202210/2b4a62b6bfdb36fd15d60c44189c1b7e.jpg,9
elevator-1800,정상,,/img/product/sh/elevator-1800.jpg,3
fume-hood-b,원본없음,https://silhumsil.com/web/product/big/202209/1f4e943dcea2f16ab009a61ca98dd878.jpg,/api/img/web/product/big/202209/1f4e943dcea2f16ab009a61ca98dd878.jpg,8
fume-hood-hs,정상,,/img/product/sh-cards-clean/fume-hood-hs2.jpg,0
fume-hood-mup,정상,,/img/product/sh-cards-clean/fume-hood-mup.jpg,9
fume-hood-sh,원본없음,https://silhumsil.com/web/product/big/20200622/2bd3556e7dfcbd4e23dc8dbd7bc1f739.jpg,/api/img/web/product/big/20200622/2bd3556e7dfcbd4e23dc8dbd7bc1f739.jpg,0
fume-hood-up,원본없음,https://silhumsil.com/web/product/big/202209/c41769576e60e020bcb482b51f060477.jpg,/api/img/web/product/big/202209/c41769576e60e020bcb482b51f060477.jpg,8
fume-hood-up-2,원본없음,https://silhumsil.com/web/product/big/202209/5e7a270d3aeed7738e7131aa0c6cc4f4.jpg,/api/img/web/product/big/202209/5e7a270d3aeed7738e7131aa0c6cc4f4.jpg,5
fume-hood-v,원본없음,https://silhumsil.com/web/product/big/202209/ec0a3baf491ad22ab7fd2facffe72229.jpg,/api/img/web/product/big/202209/ec0a3baf491ad22ab7fd2facffe72229.jpg,10
gas-flow-3zone,정상,,/img/product/sh/gas-flow-3zone.jpg,0
gas-flow-package,정상,,/img/product/sh/gas-flow-package.jpg,4
gas-flow-package-600mm,정상,,/img/product/sh/gas-flow-package-600mm.jpg,4
guide,정상,,,0
incubator-c,원본없음,https://silhumsil.com/web/product/big/202311/5caaa43fb6baa9ae6e3a67658dd50e24.jpg,/api/img/web/product/big/202311/5caaa43fb6baa9ae6e3a67658dd50e24.jpg,9
incubator-chx,원본있음,https://silhumsil.com/web/product/big/202401/1b462ae3308061869cfbee9e518ffdc5.jpg,/api/img/web/product/big/202401/1b462ae3308061869cfbee9e518ffdc5.jpg,6
incubator-cx,원본없음,https://silhumsil.com/web/product/big/202310/629619483de08b736e82d09f828d3fdd.jpg,/api/img/web/product/big/202310/629619483de08b736e82d09f828d3fdd.jpg,8
incubator-ds,원본없음,https://silhumsil.com/web/product/big/201906/fbba1f342ed4593cbc089c7563479208.jpg,/api/img/web/product/big/201906/fbba1f342ed4593cbc089c7563479208.jpg,10
incubator-f,원본없음,https://silhumsil.com/web/product/big/202109/a491b9263d5e6eb523f0e8364014c35b.jpg,/api/img/web/product/big/202109/a491b9263d5e6eb523f0e8364014c35b.jpg,5
incubator-f-2,원본없음,https://silhumsil.com/web/product/big/202109/80edd4642e26453a30723de9bd3c31e1.jpg,/api/img/web/product/big/202109/80edd4642e26453a30723de9bd3c31e1.jpg,5
incubator-g,원본없음,https://silhumsil.com/web/product/big/202209/fc3fdf982ef0389a43602f14ffdb1962.jpg,/api/img/web/product/big/202209/fc3fdf982ef0389a43602f14ffdb1962.jpg,10
incubator-mw,원본없음,https://silhumsil.com/web/product/big/202401/50fba20aa68a9d033a48fdc2f94109d1.jpg,/api/img/web/product/big/202401/50fba20aa68a9d033a48fdc2f94109d1.jpg,7
incubator-py,원본없음,https://silhumsil.com/web/product/big/202202/5d826e13c4687c8fc5d0ad43b4aa821f.jpg,/api/img/web/product/big/202202/5d826e13c4687c8fc5d0ad43b4aa821f.jpg,8
incubator-pyc,원본없음,https://silhumsil.com/web/product/big/202202/94fdfdaac7ae33eda64592e368a4b32a.jpg,/api/img/web/product/big/202202/94fdfdaac7ae33eda64592e368a4b32a.jpg,8
incubator-pypycseries,원본없음,https://silhumsil.com/web/product/big/201906/897c630d2813c2a8de74eb849d833a24.jpg,/api/img/web/product/big/201906/897c630d2813c2a8de74eb849d833a24.jpg,5
incubator-r,원본없음,https://silhumsil.com/web/product/big/202604/39546be9e41af14c69622f47b7fd3ef5.jpg,/api/img/web/product/big/202604/39546be9e41af14c69622f47b7fd3ef5.jpg,9
incubator-sf,원본없음,https://silhumsil.com/web/product/big/202109/e09c028f17d7048033175a127617efd3.jpg,/api/img/web/product/big/202109/e09c028f17d7048033175a127617efd3.jpg,9
incubator-t,원본없음,https://silhumsil.com/web/product/big/20200521/16c3564ba580a0f36dac732af129a198.jpg,/api/img/web/product/big/20200521/16c3564ba580a0f36dac732af129a198.jpg,5
incubator-u,원본없음,https://silhumsil.com/web/product/big/202101/b9e3db5fda75c3f449e08a97a1cdcf50.jpg,/api/img/web/product/big/202101/b9e3db5fda75c3f449e08a97a1cdcf50.jpg,7
incubator-vdsseries,원본없음,https://silhumsil.com/web/product/big/201906/2706bc2246e06edc054725b5d9b302cf.jpg,/api/img/web/product/big/201906/2706bc2246e06edc054725b5d9b302cf.jpg,6
manual,정상,,,0
measuring-instrument-bl,원본없음,https://silhumsil.com/web/product/big/202505/aae73c70dc286652d2897925d5135c76.jpg,/api/img/web/product/big/202505/aae73c70dc286652d2897925d5135c76.jpg,5
measuring-instrument-bls,원본없음,https://silhumsil.com/web/product/big/202505/2dc66a9731cae52dcd9de9f994f1e314.jpg,/api/img/web/product/big/202505/2dc66a9731cae52dcd9de9f994f1e314.jpg,5
measuring-instrument-mac,원본없음,https://silhumsil.com/web/product/big/202505/066edf610523485d02cfc609c5aba2c6.jpg,/api/img/web/product/big/202505/066edf610523485d02cfc609c5aba2c6.jpg,5
measuring-instrument-mae,원본없음,https://silhumsil.com/web/product/big/202505/a48aba0a0fc8f1041b5e9a6497383f95.jpg,/api/img/web/product/big/202505/a48aba0a0fc8f1041b5e9a6497383f95.jpg,5
measuring-instrument-mas,원본없음,https://silhumsil.com/web/product/big/202505/492bf00951d4e02c82b8a137ee8d0af5.jpg,/api/img/web/product/big/202505/492bf00951d4e02c82b8a137ee8d0af5.jpg,5
mill-disperser-ball,원본없음,https://silhumsil.com/web/product/extra/big/202305/f6cd1cb823f035694fd41b37519a0994.jpg,/api/img/web/product/extra/big/202305/f6cd1cb823f035694fd41b37519a0994.jpg,14
mill-disperser-ballb,원본없음,https://silhumsil.com/web/product/extra/big/202305/abb9eb96ef9aa311b627d50cff685565.jpg,/api/img/web/product/extra/big/202305/abb9eb96ef9aa311b627d50cff685565.jpg,9
mill-disperser-diskmill,정상,,/img/product/sh-cards-clean/mill-disperser-diskmill.jpg,5
mill-disperser-dpm,정상,,/img/product/sh-cards-clean/mill-disperser-dpm.jpg,5
mill-disperser-jc,원본없음,https://silhumsil.com/web/product/big/202505/3adf6a986c0b8548a1e603016a0199de.jpg,/api/img/web/product/big/202505/3adf6a986c0b8548a1e603016a0199de.jpg,9
mill-disperser-jetmill,정상,,/img/product/sh-cards-clean/mill-disperser-jetmill.jpg,5
mill-disperser-pmc,원본없음,https://silhumsil.com/web/product/big/202501/45d89054a2a82f806bc1aa9f961be7f5.jpg,/api/img/web/product/big/202501/45d89054a2a82f806bc1aa9f961be7f5.jpg,9
mill-disperser-roll,원본없음,https://silhumsil.com/web/product/big/202412/0494783fd24ddcacf42ac678c3ecf91b.jpg,/api/img/web/product/big/202412/0494783fd24ddcacf42ac678c3ecf91b.jpg,8
mill-disperser-rolld,원본없음,https://silhumsil.com/web/product/big/202412/4d5779623f3609a4f34ea093e82e8cb3.jpg,/api/img/web/product/big/202412/4d5779623f3609a4f34ea093e82e8cb3.jpg,6
muffle-1050,정상,,/img/product/sh/muffle-1050.jpg,4
muffle-1200,정상,,/img/product/sh/muffle-1200.jpg,6
muffle-1200-quartz,원본없음,https://silhumsil.com/web/product/big/202602/95babc940d284ecb9bb2a3ec829db2e3.jpg,/api/img/web/product/big/202602/95babc940d284ecb9bb2a3ec829db2e3.jpg,9
muffle-1500,정상,,/img/product/sh/muffle-1500.jpg,4
muffle-1700,정상,,/img/product/sh/muffle-1700.jpg,3
muffle-1800,정상,,/img/product/sh/muffle-1800.jpg,3
muffle-1900,정상,,/img/product/sh/muffle-1900.jpg,3
rotary-batch-300,정상,,/img/product/sh/rotary-batch-300.jpg,3
rotary-batch-3zone,정상,,/img/product/sh/rotary-batch-3zone.jpg,3
rotary-evaporator-l,정상,,/img/product/sh-cards-clean/rotary-evaporator-l.jpg,7
rotary-evaporator-l-2,정상,,/img/product/sh-cards-clean/rotary-evaporator-l-2.jpg,5
rotary-evaporator-la,정상,,/img/product/sh-cards-clean/rotary-evaporator-la.jpg,8
rotary-kiln-1200-2zone,정상,,/img/product/sh/rotary-kiln-1200-2zone.jpg,3
rotary-kiln-1200-3zone,정상,,/img/product/sh/rotary-kiln-1200-3zone.jpg,3
rotary-kiln-1500-2zone,원본없음,https://silhumsil.com/web/product/big/202502/5b8a14086af7f3ded03b4757c637eca9.jpg,/api/img/web/product/big/202502/5b8a14086af7f3ded03b4757c637eca9.jpg,7
rotary-kiln-1500-3zone,원본없음,https://silhumsil.com/web/product/big/202502/086a2fbc7560bbf647997ef21cae0c67.jpg,/api/img/web/product/big/202502/086a2fbc7560bbf647997ef21cae0c67.jpg,7
rotary-tube-furnace,정상,,/img/product/sh/rotary-tube-furnace.jpg,0
rotary-tube-furnace-pro,정상,,/img/product/sh/rotary-tube-furnace-pro.jpg,0
sh-peristaltic-pump-pp,원본있음,https://silhumsil.com/web/product/big/202604/f935439f13a0d2995a0ae98a77582013.jpg,/api/img/web/product/big/202604/f935439f13a0d2995a0ae98a77582013.jpg,7
sh-peristaltic-pump-ppdg,원본있음,https://silhumsil.com/web/product/big/202604/baae3918e36bef1808c77f3bf3969236.jpg,/api/img/web/product/big/202604/baae3918e36bef1808c77f3bf3969236.jpg,6
shaker-incubator-ax,원본있음,https://silhumsil.com/web/product/big/202401/b298aa111af5fa97dde1bb77464eb0a9.jpg,/api/img/web/product/big/202401/b298aa111af5fa97dde1bb77464eb0a9.jpg,9
shaker-incubator-rdd,원본있음,https://silhumsil.com/web/product/big/201805/1126_shop1_404851.jpg,/api/img/web/product/big/201805/1126_shop1_404851.jpg,4
shaker-incubator-rdh,원본있음,https://silhumsil.com/web/product/big/202109/4ee0ffe46bbf831089448436db04f225.jpg,/api/img/web/product/big/202109/4ee0ffe46bbf831089448436db04f225.jpg,8
shaker-incubator-rds,원본있음,https://silhumsil.com/web/product/big/202401/962c257e255620ca994a7ea4c84019bd.jpg,/api/img/web/product/big/202401/962c257e255620ca994a7ea4c84019bd.jpg,10
shaker-incubator-rdsc,원본있음,https://silhumsil.com/web/product/big/202401/8ba5fbe8cd943083ac51f52cf520fa65.jpg,/api/img/web/product/big/202401/8ba5fbe8cd943083ac51f52cf520fa65.jpg,8
shaker-incubator-rdsch,원본있음,https://silhumsil.com/web/product/big/202401/645c07a3b62feacc5787f5b059d5d550.jpg,/api/img/web/product/big/202401/645c07a3b62feacc5787f5b059d5d550.jpg,8
shaker-incubator-rdsct,원본있음,https://silhumsil.com/web/product/big/202401/93be90def1abeca2fabf1a004f72e72e.jpg,/api/img/web/product/big/202401/93be90def1abeca2fabf1a004f72e72e.jpg,8
shaker-incubator-rdst,원본있음,https://silhumsil.com/web/product/big/202401/638d5727b9899697604b09000ae79a6e.jpg,/api/img/web/product/big/202401/638d5727b9899697604b09000ae79a6e.jpg,7
shaker-incubator-rdv,원본없음,https://silhumsil.com/web/product/big/201805/1160_shop1_15272279025219.jpg,/api/img/web/product/big/201805/1160_shop1_15272279025219.jpg,4
shaker-incubator-rsda,원본없음,https://silhumsil.com/web/product/big/202311/f7d87334dff4f748e417b447d84b2f61.jpg,/api/img/web/product/big/202311/f7d87334dff4f748e417b447d84b2f61.jpg,5
shaker-mixer-ns,원본없음,https://silhumsil.com/web/product/big/201906/d009be347653a60c8356c77a27c96efc.jpg,/api/img/web/product/big/201906/d009be347653a60c8356c77a27c96efc.jpg,6
shaker-mixer-rdd,원본없음,https://silhumsil.com/web/product/big/202101/b2807f6b31553edfc8e400320549d5ab.jpg,/api/img/web/product/big/202101/b2807f6b31553edfc8e400320549d5ab.jpg,8
shaker-mixer-sh,원본있음,https://silhumsil.com/web/product/big/202110/b521ac3dba6bf71f374ab198d8f81806.jpg,/api/img/web/product/big/202110/b521ac3dba6bf71f374ab198d8f81806.jpg,6
shaker-mixer-syc,원본없음,https://silhumsil.com/web/product/big/20200428/25cd1f8573ccd64b3ddf59be790bd4ef.jpg,/api/img/web/product/big/20200428/25cd1f8573ccd64b3ddf59be790bd4ef.jpg,6
shaker-mixer-tr,원본없음,https://silhumsil.com/web/product/big/202009/17b3b6c0fdfa151c431b47bf275f7df3.jpg,/api/img/web/product/big/202009/17b3b6c0fdfa151c431b47bf275f7df3.jpg,6
shaker-mixer-u,원본없음,https://silhumsil.com/web/product/big/20200428/1cd399f8ed23e7937ede58a718d88b9c.jpg,/api/img/web/product/big/20200428/1cd399f8ed23e7937ede58a718d88b9c.jpg,9
shaker-mixer-u-2,원본없음,https://silhumsil.com/web/product/big/202109/1cc52e1ca836be3ba00da3c1eb2ce46e.jpg,/api/img/web/product/big/202109/1cc52e1ca836be3ba00da3c1eb2ce46e.jpg,6
shaker-mixer-u-3,원본없음,https://silhumsil.com/web/product/big/202109/3ec457faf6d2c6dbb54cef3d6031e607.jpg,/api/img/web/product/big/202109/3ec457faf6d2c6dbb54cef3d6031e607.jpg,6
shaker-mixer-u-4,원본없음,https://silhumsil.com/web/product/big/201805/1043_shop1_15265521930718.jpg,/api/img/web/product/big/201805/1043_shop1_15265521930718.jpg,6
shaker-mixer-w,원본없음,https://silhumsil.com/web/product/big/202204/cfaca629b8fafde62abe7192e38af6a3.jpg,/api/img/web/product/big/202204/cfaca629b8fafde62abe7192e38af6a3.jpg,6
steam-generator,원본없음,https://silhumsil.com/web/product/medium/202603/4ca8ad62a9a5eddcd3d4ed3ccc876cf8.jpg,/api/img/web/product/medium/202603/4ca8ad62a9a5eddcd3d4ed3ccc876cf8.jpg,3
stirrer-hotplate-bsu,원본있음,https://silhumsil.com/web/product/big/202105/f84c6193244b6369df233d3ffaff7edd.jpg,/api/img/web/product/big/202105/f84c6193244b6369df233d3ffaff7edd.jpg,9
stirrer-hotplate-fu,원본없음,https://silhumsil.com/web/product/big/201906/b6362791f414cef2ce0bef125027d3aa.jpg,/api/img/web/product/big/201906/b6362791f414cef2ce0bef125027d3aa.jpg,5
stirrer-hotplate-h,원본있음,https://silhumsil.com/web/product/big/201805/1064_shop1_15265568593921.jpg,/api/img/web/product/big/201805/1064_shop1_15265568593921.jpg,7
stirrer-hotplate-hsa,원본있음,https://silhumsil.com/web/product/big/201807/1204_shop1_15308444753403.jpg,/api/img/web/product/big/201807/1204_shop1_15308444753403.jpg,3
stirrer-hotplate-hsd,원본있음,https://silhumsil.com/web/product/big/201807/1204_shop1_15308439199089.jpg,/api/img/web/product/big/201807/1204_shop1_15308439199089.jpg,4
stirrer-hotplate-hza,원본있음,https://silhumsil.com/web/product/big/202104/ec95299d10efc7810f5952bf1970e405.jpg,/api/img/web/product/big/202104/ec95299d10efc7810f5952bf1970e405.jpg,6
stirrer-hotplate-hzd,원본있음,https://silhumsil.com/web/product/big/202104/e0629a8ea91ded535e6b91c6ca5ef387.jpg,/api/img/web/product/big/202104/e0629a8ea91ded535e6b91c6ca5ef387.jpg,6
stirrer-hotplate-m,원본있음,https://silhumsil.com/web/product/big/202212/07c272a01fe850f351e53f203cc70520.jpg,/api/img/web/product/big/202212/07c272a01fe850f351e53f203cc70520.jpg,8
stirrer-hotplate-osa,원본있음,https://silhumsil.com/web/product/big/202212/9bb5be5c369c18f6898d7d579f84512f.jpg,/api/img/web/product/big/202212/9bb5be5c369c18f6898d7d579f84512f.jpg,8
stirrer-hotplate-osd,원본있음,https://silhumsil.com/web/product/big/202212/776446d95f023a1c913422d0cf26a6fb.jpg,/api/img/web/product/big/202212/776446d95f023a1c913422d0cf26a6fb.jpg,8
stirrer-hotplate-osdv,원본있음,https://silhumsil.com/web/product/big/202212/a419fb308ac718e6f4d076dc61d7b6b9.jpg,/api/img/web/product/big/202212/a419fb308ac718e6f4d076dc61d7b6b9.jpg,8
stirrer-hotplate-set,원본없음,https://silhumsil.com/web/product/big/202407/bd38144f23bd91d6b372c834773746a5.jpg,/api/img/web/product/big/202407/bd38144f23bd91d6b372c834773746a5.jpg,6
stirrer-hotplate-set-2,원본없음,https://silhumsil.com/web/product/big/202407/34767b4747e53d451b672229f7bf092a.jpg,/api/img/web/product/big/202407/34767b4747e53d451b672229f7bf092a.jpg,6
stirrer-hotplate-sh,원본없음,https://silhumsil.com/web/product/medium/201807/1204_shop1_15308439199089.jpg,/api/img/web/product/medium/201807/1204_shop1_15308439199089.jpg,0
stirrer-hotplate-u,원본없음,https://silhumsil.com/web/product/big/201805/1055_shop1_15265556036797.jpg,/api/img/web/product/big/201805/1055_shop1_15265556036797.jpg,4
thermal-shock-tester-tst,원본없음,https://silhumsil.com/web/product/big/202109/332f1872f64d0562a7d65dc0d9902ae1.jpg,/api/img/web/product/big/202109/332f1872f64d0562a7d65dc0d9902ae1.jpg,9
tube-1500,정상,,/img/product/sh/tube-1500.jpg,4
tube-1800,정상,,/img/product/sh/tube-1800.jpg,4
ultrasonic-cleaner-uc,원본없음,https://silhumsil.com/web/product/big/202302/eec05114fa86a7ce11d14ddd923ee5af.jpg,/api/img/web/product/big/202302/eec05114fa86a7ce11d14ddd923ee5af.jpg,12
vacuum-box-u,원본없음,https://silhumsil.com/web/product/big/202504/55a2e4981d0074ab1f93006e284adf1a.png,/api/img/web/product/big/202504/55a2e4981d0074ab1f93006e284adf1a.png,7
vacuum-drying-oven-c,원본있음,https://silhumsil.com/web/product/big/202411/5746b46d4e828c7b6a1386bb1a59faa8.jpg,/api/img/web/product/big/202411/5746b46d4e828c7b6a1386bb1a59faa8.jpg,7
vacuum-drying-oven-cbd,원본있음,https://silhumsil.com/web/product/big/202207/513757da636cd10fdbec908fda9c4038.jpg,/api/img/web/product/big/202207/513757da636cd10fdbec908fda9c4038.jpg,5
vacuum-drying-oven-cce,원본있음,https://silhumsil.com/web/product/big/202403/b0d3222fa18cbe2db0f3076f82544dd9.jpg,/api/img/web/product/big/202403/b0d3222fa18cbe2db0f3076f82544dd9.jpg,6
vacuum-drying-oven-f,원본있음,https://silhumsil.com/web/product/big/202508/7737c5004c9e9eb9ca2f8c80b275c598.jpg,/api/img/web/product/big/202508/7737c5004c9e9eb9ca2f8c80b275c598.jpg,6
vacuum-drying-oven-g,원본있음,https://silhumsil.com/web/product/big/202207/433ede53839675aaba2cb51b061ab3c9.jpg,/api/img/web/product/big/202207/433ede53839675aaba2cb51b061ab3c9.jpg,7
vacuum-drying-oven-gce,원본있음,https://silhumsil.com/web/product/big/202312/5423a099c05c40926028c11a01475f5b.jpg,/api/img/web/product/big/202312/5423a099c05c40926028c11a01475f5b.jpg,6
vacuum-drying-oven-nc,원본없음,https://silhumsil.com/web/product/big/202312/7c1605ab32ec1ed6a8e9d4128a1fc1d2.jpg,/api/img/web/product/big/202312/7c1605ab32ec1ed6a8e9d4128a1fc1d2.jpg,9
vacuum-drying-oven-ng,원본없음,https://silhumsil.com/web/product/big/202207/87f5496be896958b3b81a2c0d0451857.jpg,/api/img/web/product/big/202207/87f5496be896958b3b81a2c0d0451857.jpg,12
vacuum-drying-oven-s,원본있음,https://silhumsil.com/web/product/big/202207/8af3a2211c0e479bc2c77d9e2fc47b17.jpg,/api/img/web/product/big/202207/8af3a2211c0e479bc2c77d9e2fc47b17.jpg,6
vacuum-muffle-1200,정상,,/img/product/sh/vacuum-muffle-1200.jpg,3
vacuum-muffle-1200-quartz,정상,,/img/product/sh/vacuum-muffle-1200-quartz.jpg,3
vacuum-muffle-1500,정상,,/img/product/sh/vacuum-muffle-1500.jpg,2
vacuum-muffle-1900,정상,,/img/product/sh/vacuum-muffle-1900.jpg,3
vacuum-pump-cdp,원본없음,https://silhumsil.com/web/product/big/202204/a4c58c17e8053e9cbe401a0baa4599f1.jpg,/api/img/web/product/big/202204/a4c58c17e8053e9cbe401a0baa4599f1.jpg,5
vacuum-pump-cv,원본없음,https://silhumsil.com/web/product/big/202204/09d64c63b78b65d43fd21a26ef4b4402.jpg,/api/img/web/product/big/202204/09d64c63b78b65d43fd21a26ef4b4402.jpg,6
vacuum-pump-dsv,원본없음,https://silhumsil.com/web/product/big/202407/7ce53a863d24e8715605afcd320b89ae.jpg,/api/img/web/product/big/202407/7ce53a863d24e8715605afcd320b89ae.jpg,11
vacuum-pump-dv,원본없음,https://silhumsil.com/web/product/big/201804/img_dv300.jpg,/api/img/web/product/big/201804/img_dv300.jpg,7
vacuum-pump-dvp,원본없음,https://silhumsil.com/web/product/big/202204/d2d757fa25b89f6b4748a137a8f3edac.jpg,/api/img/web/product/big/202204/d2d757fa25b89f6b4748a137a8f3edac.jpg,7
vacuum-pump-hv,원본있음,https://silhumsil.com/web/product/big/202507/8d30d00c08633435d96133d9ac5405a1.jpg,/api/img/web/product/big/202507/8d30d00c08633435d96133d9ac5405a1.jpg,8
vacuum-pump-hvt,원본있음,https://silhumsil.com/web/product/big/202507/82c7c79564687d7916e94aef75180437.jpg,/api/img/web/product/big/202507/82c7c79564687d7916e94aef75180437.jpg,6
vacuum-pump-ptfevp,원본없음,https://silhumsil.com/web/product/big/202504/b98d677b214aee384ff746783a9e2eed.jpg,/api/img/web/product/big/202504/b98d677b214aee384ff746783a9e2eed.jpg,9
vacuum-pump-ptfevps,원본없음,https://silhumsil.com/web/product/big/202508/e7b9d6d724f8302dbca1f160b9e8b8dc.jpg,/api/img/web/product/big/202508/e7b9d6d724f8302dbca1f160b9e8b8dc.jpg,7
vacuum-pump-v,원본없음,https://silhumsil.com/web/product/big/201804/img_v40.jpg,/api/img/web/product/big/201804/img_v40.jpg,13
vacuum-pump-vdc,원본없음,https://silhumsil.com/web/product/big/202501/b272d5d3cad6eed3c1a0f949457b95af.jpg,/api/img/web/product/big/202501/b272d5d3cad6eed3c1a0f949457b95af.jpg,9
vacuum-pump-wv,원본없음,https://silhumsil.com/web/product/big/202204/6ed02bc0af0aadf80e217c1f016bf745.jpg,/api/img/web/product/big/202204/6ed02bc0af0aadf80e217c1f016bf745.jpg,5
vacuum-tube-turnkey,정상,,/img/product/sh/vacuum-tube-turnkey.jpg,4
water-bath-chiller-cdn,원본없음,https://silhumsil.com/web/product/big/202302/41fcdff44d5f6c481d8bf8f64db786e4.jpg,/api/img/web/product/big/202302/41fcdff44d5f6c481d8bf8f64db786e4.jpg,10
water-bath-chiller-cdr,원본없음,https://silhumsil.com/web/product/big/202302/c62697114961953d0839bf914c6e614b.jpg,/api/img/web/product/big/202302/c62697114961953d0839bf914c6e614b.jpg,9
water-bath-chiller-gdh,원본없음,https://silhumsil.com/web/product/big/202209/3e76f71467a961728e2f3cf2bb6fe267.jpg,/api/img/web/product/big/202209/3e76f71467a961728e2f3cf2bb6fe267.jpg,8
water-bath-chiller-gdn,원본없음,https://silhumsil.com/web/product/big/202209/40e906617281a964b68f450db8b27ef4.jpg,/api/img/web/product/big/202209/40e906617281a964b68f450db8b27ef4.jpg,10
water-bath-chiller-sh-wb-cdr,원본있음,https://silhumsil.com/web/product/big/202209/f7e1cdc4aa11b527e2d14c0931fe111e.jpg,/api/img/web/product/big/202209/f7e1cdc4aa11b527e2d14c0931fe111e.jpg,7
water-bath-chiller-sy,원본없음,https://silhumsil.com/web/product/big/201910/c54f602f969c39450b65e26ed4c4179e.jpg,/api/img/web/product/big/201910/c54f602f969c39450b65e26ed4c4179e.jpg,6
