cat,model,우리페이지,사양행,이미지,PDF,url
연동펌프,BQ80S,bq80s,20,9,2,https://www.leadfluid.com.cn/products/537.shtml
연동펌프,BT103S,bt103s,15,12,2,https://www.leadfluid.com.cn/products/80.shtml
연동펌프,BT101S-v3,bt101s,13,15,2,https://www.leadfluid.com.cn/products/84.shtml
연동펌프,BT301S-v3,bt301s,16,12,2,https://www.leadfluid.com.cn/products/86.shtml
연동펌프,BT601S-v3,bt601s,16,11,2,https://www.leadfluid.com.cn/products/88.shtml
연동펌프,BT100S,bt100s,16,17,2,https://www.leadfluid.com.cn/products/82.shtml
연동펌프,BT300S,bt300s,14,13,2,https://www.leadfluid.com.cn/products/85.shtml
연동펌프,BT600S,bt600s,14,13,2,https://www.leadfluid.com.cn/products/87.shtml
연동펌프,BT100S-1,bt100s-1,16,20,2,https://www.leadfluid.com.cn/products/83.shtml
연동펌프,WT300S（v3）,wt300s,17,13,2,https://www.leadfluid.com.cn/products/89.shtml
연동펌프,WT600S（v3）,wt600s,0,15,2,https://www.leadfluid.com.cn/products/922.shtml
연동펌프,BT101L,bt101l,17,13,2,https://www.leadfluid.com.cn/products/94.shtml
연동펌프,BT301L,bt301l,15,10,2,https://www.leadfluid.com.cn/products/95.shtml
연동펌프,BT601L,bt601l,15,11,2,https://www.leadfluid.com.cn/products/98.shtml
연동펌프,BT100L,bt100l,18,18,2,https://www.leadfluid.com.cn/products/93.shtml
연동펌프,BT300L,bt300l,23,12,2,https://www.leadfluid.com.cn/products/96.shtml
연동펌프,BT600L,bt600l,21,11,2,https://www.leadfluid.com.cn/products/97.shtml
연동펌프,BT101F,bt101f,24,13,2,https://www.leadfluid.com.cn/products/101.shtml
연동펌프,BT301F,bt301f,30,9,2,https://www.leadfluid.com.cn/products/103.shtml
연동펌프,BT601F,bt601f,30,10,2,https://www.leadfluid.com.cn/products/105.shtml
연동펌프,BT100F,bt100f,27,16,2,https://www.leadfluid.com.cn/products/99.shtml
연동펌프,BT300F,bt300f,24,9,2,https://www.leadfluid.com.cn/products/102.shtml
연동펌프,BT600F,bt600f,34,11,2,https://www.leadfluid.com.cn/products/104.shtml
연동펌프,BT100F-1,bt100f-1,24,21,2,https://www.leadfluid.com.cn/products/100.shtml
연동펌프,WT300F,wt300f,38,26,2,https://www.leadfluid.com.cn/products/106.shtml
연동펌프,WT600F,wt600f,15,14,2,https://www.leadfluid.com.cn/products/107.shtml
연동펌프,WT600S-65,wt600s-65,17,13,2,https://www.leadfluid.com.cn/products/91.shtml
연동펌프,WT600F-65,wt600f-65,20,13,2,https://www.leadfluid.com.cn/products/108.shtml
연동펌프,MF103,mf103,22,11,1,https://www.leadfluid.com.cn/products/655.shtml
연동펌프,MS106,없음,21,14,2,https://www.leadfluid.com.cn/products/468.shtml
연동펌프,MF106,mf106,21,13,2,https://www.leadfluid.com.cn/products/11.shtml
연동펌프,WG600S-v2,wg600s,20,6,2,https://www.leadfluid.com.cn/products/92.shtml
연동펌프,MF118,mf118,27,12,2,https://www.leadfluid.com.cn/products/461.shtml
연동펌프,WG600F（v3）,wg600f,22,5,2,https://www.leadfluid.com.cn/products/523.shtml
연동펌프,MF006,없음,21,13,2,https://www.leadfluid.com.cn/products/501.shtml
연동펌프,JP300S,jp300s,12,6,2,https://www.leadfluid.com.cn/products/116.shtml
연동펌프,MF133,mf133,26,10,2,https://www.leadfluid.com.cn/products/502.shtml
연동펌프,JP301S,jp301s,12,7,2,https://www.leadfluid.com.cn/products/405.shtml
연동펌프,MF106-QS,없음,21,11,2,https://www.leadfluid.com.cn/products/513.shtml
연동펌프,FG600S-A3-k,없음,16,8,2,https://www.leadfluid.com.cn/products/110.shtml
연동펌프,FG601S-A3-K,없음,20,7,2,https://www.leadfluid.com.cn/products/111.shtml
연동펌프,FG600S-W3-K,없음,14,8,2,https://www.leadfluid.com.cn/products/112.shtml
연동펌프,FG601S-W3-K,없음,16,7,2,https://www.leadfluid.com.cn/products/113.shtml
연동펌프,FP300S-A3-K,없음,18,7,2,https://www.leadfluid.com.cn/products/114.shtml
연동펌프,FG600S-Q,fg600s-q,13,9,2,https://www.leadfluid.com.cn/products/132.shtml
연동펌프,FG601S-Q,fg601s-q,15,8,2,https://www.leadfluid.com.cn/products/133.shtml
연동펌프,BX600S,bx600s,11,4,2,https://www.leadfluid.com.cn/products/177.shtml
연동펌프,WT300S,wt300s,16,10,2,https://www.leadfluid.com.cn/products/450.shtml
연동펌프,WT600S,wt600s,14,10,2,https://www.leadfluid.com.cn/products/451.shtml
연동펌프,BT600P,없음,25,4,1,https://www.leadfluid.com.cn/products/rdb/bcb/2024/0617/2024FQJPgKYVC5.shtml
연동펌프,EF806,ef806,18,11,2,https://www.leadfluid.com.cn/products/603.shtml
연동펌프,EF918,ef918,28,8,2,https://www.leadfluid.com.cn/products/604.shtml
연동펌프,EF906,ef906,25,11,2,https://www.leadfluid.com.cn/products/605.shtml
연동펌프,EF903,ef903,25,12,2,https://www.leadfluid.com.cn/products/606.shtml
연동펌프,EF933,ef933,28,8,2,https://www.leadfluid.com.cn/products/607.shtml
연동펌프,EF803,ef803,19,12,2,https://www.leadfluid.com.cn/products/610.shtml
연동펌프,JP100S-(10B、20）,없음,0,8,2,https://www.leadfluid.com.cn/products/403.shtml
연동펌프,JP100S-(25、32）,없음,0,8,2,https://www.leadfluid.com.cn/products/510.shtml
연동펌프,JP100S-(40、50、65）,없음,0,9,2,https://www.leadfluid.com.cn/products/601.shtml
연동펌프,FG604S-A,fg604s-a,0,8,2,https://www.leadfluid.com.cn/products/632.shtml
연동펌프,JP100S-15,없음,0,10,2,https://www.leadfluid.com.cn/products/639.shtml
연동펌프,MS006,없음,15,9,1,https://www.leadfluid.com.cn/products/654.shtml
연동펌프,DS600(v3）,없음,20,8,2,https://www.leadfluid.com.cn/products/765.shtml
마이크로펌프,WSP3000,없음,17,6,2,https://www.leadfluid.com.cn/products/244.shtml
마이크로펌프,HSP3000,없음,18,7,2,https://www.leadfluid.com.cn/products/1.shtml
ODM연동펌프,B400K1/k2/k3FT1505,없음,24,10,1,https://www.leadfluid.com.cn/products/656.shtml
ODM연동펌프,Z245A2-KX1502,없음,13,9,1,https://www.leadfluid.com.cn/products/700.shtml
ODM연동펌프,B300K0-KX1502,없음,12,9,1,https://www.leadfluid.com.cn/products/701.shtml
ODM연동펌프,W300A2-KX1502,없음,13,9,1,https://www.leadfluid.com.cn/products/703.shtml
ODM연동펌프,Z350A2FT1505,없음,0,11,2,https://www.leadfluid.com.cn/products/609.shtml
ODM연동펌프,B400K0FT1505,없음,0,10,2,https://www.leadfluid.com.cn/products/602.shtml
ODM연동펌프,Z020A2WX09 Z200A2WX09,없음,18,10,2,https://www.leadfluid.com.cn/products/301.shtml
ODM연동펌프,B600K0,없음,14,11,2,https://www.leadfluid.com.cn/products/302.shtml
ODM연동펌프,B100K1 B100K2 B100K3 B100K5,없음,24,9,2,https://www.leadfluid.com.cn/products/304.shtml
ODM연동펌프,B600K0BZ15-16 B600K0BZ25-24,없음,21,10,2,https://www.leadfluid.com.cn/products/303.shtml
ODM연동펌프,B600K1 B600K2 B600K3 B600K5,없음,24,8,2,https://www.leadfluid.com.cn/products/305.shtml
ODM연동펌프,B150K0DW10-1 B150K0DW10-2 B150K0DW10-3,없음,31,7,2,https://www.leadfluid.com.cn/products/306.shtml
ODM연동펌프,B400K0DW15-1,없음,22,10,2,https://www.leadfluid.com.cn/products/401.shtml
ODM연동펌프,W400A2DW15-1-24V、 W400A2DW15-1-12V W100A2DW15-1-24V、W100A2DW15-1-12V,없음,20,10,2,https://www.leadfluid.com.cn/products/402.shtml
ODM연동펌프,Z400A2MM10-PC-24V、Z400A2MM10-PC-12V Z100A2MM10-PC-24V、Z100A2MM10-PC-12V,없음,20,10,2,https://www.leadfluid.com.cn/products/406.shtml
ODM연동펌프,Z400A2DW15-1-24V、Z400A2DW15-1-12V Z100A2DW15-1-24V、Z100A2DW15-1-12V,없음,20,10,2,https://www.leadfluid.com.cn/products/404.shtml
ODM연동펌프,W100A2MM10-PC-12V,없음,22,10,2,https://www.leadfluid.com.cn/products/407.shtml
ODM연동펌프,W100A2MM10-PC-24V,없음,22,10,2,https://www.leadfluid.com.cn/products/408.shtml
ODM연동펌프,J450A1YT25,없음,21,10,2,https://www.leadfluid.com.cn/products/409.shtml
ODM연동펌프,J450A1YZ35,없음,21,10,2,https://www.leadfluid.com.cn/products/410.shtml
ODM연동펌프,J450A1KZ25,없음,21,10,2,https://www.leadfluid.com.cn/products/411.shtml
ODM연동펌프,B300K0KJ15,없음,19,10,2,https://www.leadfluid.com.cn/products/413.shtml
ODM연동펌프,T010A1TY15,없음,19,10,2,https://www.leadfluid.com.cn/products/412.shtml
ODM연동펌프,T030A2KT15-T060A2KT15,없음,20,9,2,https://www.leadfluid.com.cn/products/420.shtml
ODM연동펌프,B100K0WY10,없음,19,8,2,https://www.leadfluid.com.cn/products/426.shtml
ODM연동펌프,B100K5FZ10,없음,0,9,2,https://www.leadfluid.com.cn/products/613.shtml
ODM연동펌프,B100K1FZ10/ B100K2FZ10/B100K3FZ10,없음,0,9,2,https://www.leadfluid.com.cn/products/612.shtml
ODM연동펌프,B200K5KD10,없음,0,10,2,https://www.leadfluid.com.cn/products/616.shtml
ODM연동펌프,B200K1KD15/ B200K2KD15/ B200K3KD15,없음,0,10,2,https://www.leadfluid.com.cn/products/615.shtml
ODM연동펌프,B200K5KD15,없음,0,10,2,https://www.leadfluid.com.cn/products/618.shtml
ODM연동펌프,B200K1TY15/B200K2TY15/B200K3TY15,없음,0,10,2,https://www.leadfluid.com.cn/products/619.shtml
ODM연동펌프,B200K1KJ15/B200K2KJ15/B200K3KJ15,없음,0,10,2,https://www.leadfluid.com.cn/products/617.shtml
ODM연동펌프,B200K5TY15,없음,0,10,2,https://www.leadfluid.com.cn/products/621.shtml
ODM연동펌프,B250K1KT15/B250K2KT15/B250K3KT15,없음,0,10,2,https://www.leadfluid.com.cn/products/622.shtml
ODM연동펌프,B250K5KT15,없음,0,10,2,https://www.leadfluid.com.cn/products/623.shtml
ODM연동펌프,B350K1BZ25-24/B350K2BZ25-24/B350K3BZ25-24,없음,0,10,2,https://www.leadfluid.com.cn/products/624.shtml
ODM연동펌프,B350K5BZ25-24,없음,0,10,2,https://www.leadfluid.com.cn/products/625.shtml
ODM연동펌프,B150K1DW10-1/B150K2DW10-1/B150K3DW10-1,없음,0,10,2,https://www.leadfluid.com.cn/products/626.shtml
ODM연동펌프,B150K1DW10-2/B150K2DW10-2/B150K3DW10-2,없음,0,9,2,https://www.leadfluid.com.cn/products/627.shtml
ODM연동펌프,B150K5DW10-1,없음,0,10,2,https://www.leadfluid.com.cn/products/628.shtml
ODM연동펌프,B150K5DW10-2,없음,0,9,2,https://www.leadfluid.com.cn/products/629.shtml
ODM연동펌프,B200K1KD10、B200K2KD10、B200K3KD10,없음,0,11,2,https://www.leadfluid.com.cn/products/633.shtml
ODM연동펌프,B200K5KJ15,없음,0,10,2,https://www.leadfluid.com.cn/products/634.shtml
시린지펌프,TYS01-02,없음,22,8,2,https://www.leadfluid.com.cn/products/856.shtml
시린지펌프,TYD01-01（v3）,tyd01-01,25,12,2,https://www.leadfluid.com.cn/products/400.shtml
시린지펌프,TFD03-01（v3）,tfd03-01,29,10,2,https://www.leadfluid.com.cn/products/430.shtml
시린지펌프,TFD01-01（v3）,없음,30,10,2,https://www.leadfluid.com.cn/products/453.shtml
시린지펌프,TYD03-01（v3）,tyd03-01,25,12,2,https://www.leadfluid.com.cn/products/463.shtml
시린지펌프,TYD01-02（v3）,tyd01-02,24,11,2,https://www.leadfluid.com.cn/products/462.shtml
시린지펌프,TGD01,없음,27,11,2,https://www.leadfluid.com.cn/products/168.shtml
시린지펌프,TFD04,tfd04,22,11,2,https://www.leadfluid.com.cn/products/163.shtml
시린지펌프,G6060-1S,g6060-1s,22,9,2,https://www.leadfluid.com.cn/products/170.shtml
시린지펌프,G3030,없음,14,9,2,https://www.leadfluid.com.cn/products/431.shtml
시린지펌프,TSD01-01（v3）,tsd01-01,19,8,2,https://www.leadfluid.com.cn/products/503.shtml
시린지펌프,TYD02-02（v3）,tyd02-02,29,11,2,https://www.leadfluid.com.cn/products/506.shtml
시린지펌프,TFD02-01（v3）,tfd02-01,21,7,2,https://www.leadfluid.com.cn/products/504.shtml
시린지펌프,TYD02-01（v3）,tyd02-01,29,9,2,https://www.leadfluid.com.cn/products/505.shtml
시린지펌프,TYD02-04（v3）,tyd02-04,29,12,2,https://www.leadfluid.com.cn/products/507.shtml
시린지펌프,TYD02-10（v3）,tyd02-10,29,12,2,https://www.leadfluid.com.cn/products/509.shtml
시린지펌프,TYD02-06（v3）,tyd02-06,40,9,2,https://www.leadfluid.com.cn/products/456.shtml
스퀴즈펌프,JS1502,없음,18,4,1,https://www.leadfluid.com.cn/products/jyb/2024/1216/2024LPKAWNY5Uk.shtml
기어펌프,CT3001F,ct3001f,24,6,2,https://www.leadfluid.com.cn/products/173.shtml
기어펌프,CT3000F,없음,24,6,2,https://www.leadfluid.com.cn/products/174.shtml
기어펌프,CT3001S-v3,없음,14,6,2,https://www.leadfluid.com.cn/products/631.shtml
기어펌프,CT3000S-V3,없음,14,6,2,https://www.leadfluid.com.cn/products/668.shtml
펌프헤드,DMD15,없음,0,12,2,https://www.leadfluid.com.cn/products/630.shtml
펌프헤드,FT1524,없음,9,10,2,https://www.leadfluid.com.cn/products/14.shtml
펌프헤드,YZ15T,없음,10,10,2,https://www.leadfluid.com.cn/products/12.shtml
펌프헤드,DS,없음,0,13,2,https://www.leadfluid.com.cn/products/594.shtml
펌프헤드,DG,없음,0,14,2,https://www.leadfluid.com.cn/products/129.shtml
펌프헤드,FT1505,없음,9,14,2,https://www.leadfluid.com.cn/products/608.shtml
펌프헤드,DMD25-T,없음,9,12,2,https://www.leadfluid.com.cn/products/117.shtml
펌프헤드,YZ15,없음,15,13,2,https://www.leadfluid.com.cn/products/118.shtml
펌프헤드,YT25,없음,12,12,2,https://www.leadfluid.com.cn/products/121.shtml
펌프헤드,KZ25,없음,7,15,2,https://www.leadfluid.com.cn/products/124.shtml
펌프헤드,YZ35,없음,8,12,2,https://www.leadfluid.com.cn/products/125.shtml
펌프헤드,BZ15-25,없음,8,13,1,https://www.leadfluid.com.cn/products/126.shtml
펌프헤드,GN10,없음,11,12,2,https://www.leadfluid.com.cn/products/127.shtml
펌프헤드,DT,없음,0,12,2,https://www.leadfluid.com.cn/products/128.shtml
펌프헤드,WMD15,없음,6,10,2,https://www.leadfluid.com.cn/products/130.shtml
펌프튜브,蠕动泵硅胶管,없음,28,9,0,https://www.leadfluid.com.cn/products/178.shtml
펌프튜브,Tygon S3 E3603,없음,37,7,0,https://www.leadfluid.com.cn/products/180.shtml
펌프튜브,PHARMEDBPT,없음,33,8,0,https://www.leadfluid.com.cn/products/181.shtml
펌프튜브,NORPRENE-CHEMICAL,없음,14,7,0,https://www.leadfluid.com.cn/products/182.shtml
펌프튜브,Tygon3350,없음,31,8,0,https://www.leadfluid.com.cn/products/184.shtml
펌프튜브,NorpreneA-60-F,없음,16,6,0,https://www.leadfluid.com.cn/products/186.shtml
펌프튜브,TYGON2475,없음,11,8,0,https://www.leadfluid.com.cn/products/187.shtml
펌프튜브,NORPRENEA-60-G,없음,15,5,0,https://www.leadfluid.com.cn/products/188.shtml
부속품,脉冲阻尼器,없음,0,11,1,https://www.leadfluid.com.cn/products/196.shtml
부속품,脉冲阻尼器,없음,12,1,0,https://www.leadfluid.com.cn/products/586.shtml
부속품,管接头,없음,8,8,0,https://www.leadfluid.com.cn/products/189.shtml
부속품,鲁尔接头,없음,16,6,0,https://www.leadfluid.com.cn/products/190.shtml
부속품,灌装针头,없음,14,6,0,https://www.leadfluid.com.cn/products/191.shtml
부속품,防吸附沉头,없음,7,6,0,https://www.leadfluid.com.cn/products/192.shtml
부속품,脚踏开关,없음,10,7,0,https://www.leadfluid.com.cn/products/193.shtml
부속품,分装控制器,없음,0,5,0,https://www.leadfluid.com.cn/products/194.shtml
부속품,简易灌装台,없음,7,6,1,https://www.leadfluid.com.cn/products/195.shtml
부속품,标准外控接口,없음,16,6,0,https://www.leadfluid.com.cn/products/198.shtml
부속품,手持分液器,없음,0,6,1,https://www.leadfluid.com.cn/products/199.shtml
부속품,蠕动泵控制器,없음,0,6,0,https://www.leadfluid.com.cn/products/200.shtml
부속품,LY01漏液检查器,없음,0,5,1,https://www.leadfluid.com.cn/products/201.shtml
부속품,PH控制器,없음,0,5,0,https://www.leadfluid.com.cn/products/202.shtml
부속품,压力传感器,없음,0,5,0,https://www.leadfluid.com.cn/products/203.shtml
부속품,液位传感器,없음,0,6,0,https://www.leadfluid.com.cn/products/205.shtml
부속품,单向阀,없음,3,5,0,https://www.leadfluid.com.cn/products/208.shtml
